hardware_name,unified_manufacturer,type,performance_tier,memory_size_gb,memory_bandwidth_gbps,fp32_tflops,unified_tdp,memory_compute_ratio,tops_per_watt_fp32
Biren BR100,Biren,GPGPU,Enterprise,64000000000.0,1640.0,256.0,550.0,6.40625,0.4654545454545454
Instinct MI300X,AMD,GPU,Enterprise,192000000000.0,5300.0,163.4,750.0,32.43574051407589,0.2178666666666666
Instinct MI325X,AMD,GPU,Enterprise,256000000000.0,6000.0,163.4,1000.0,36.71970624235006,0.1634
Instinct MI300A,AMD,GPU,Enterprise,128000000000.0,5300.0,122.6,760.0,43.2300163132137,0.1613157894736842
Huawei Ascend 910B,Huawei,GPU,Enterprise,32000000000.0,1228.0,94.0,400.0,13.063829787234043,0.235
L40,NVIDIA,GPU,Enterprise,48000000000.0,864.0,90.52,300.0,9.544851966416262,0.3017333333333333
GB200 NVL2,NVIDIA,GPU,Enterprise,384000000000.0,16000.0,90.0,1200.0,177.77777777777777,0.075
RTX 4090,NVIDIA,GPU,Enterprise,24000000000.0,1008.0,82.6,450.0,12.203389830508476,0.1835555555555555
H100 SXM5 80GB,NVIDIA,GPU,Enterprise,80000000000.0,3350.0,66.91,700.0,50.06725452099836,0.0955857142857142
H200 SXM,NVIDIA,GPU,Enterprise,0.0,4800.0,66.91,700.0,71.73815573157974,0.0955857142857142
GH100,NVIDIA,GPU,Enterprise,0.0,3072.0,66.91,700.0,45.91241966821103,0.0955857142857142
GH200,NVIDIA,GPU,Enterprise,0.0,4900.0,66.91,700.0,73.23270064265432,0.0955857142857142
B200,NVIDIA,GPU,Enterprise,192000000000.0,8000.0,62.08,1000.0,128.8659793814433,0.0620799999999999
RX 7900 XTX,AMD,GPU,Enterprise,24000000000.0,960.0,61.42,335.0,15.630087919244543,0.1833432835820895
L20 PCle,NVIDIA,GPU,Enterprise,48000000000.0,864.0,59.35,275.0,14.55770850884583,0.2158181818181818
H800 SXM5,NVIDIA,GPU,Enterprise,80000000000.0,3360.0,59.3,700.0,56.6610455311973,0.0847142857142857
Data Center GPU Max 1550,Intel,GPU,Enterprise,128000000000.0,3280.0,52.43,600.0,62.55960328056456,0.0873833333333333
H100 PCIe,NVIDIA,GPU,Enterprise,0.0,2040.0,51.22,350.0,39.82819211245607,0.1463428571428571
RTX 4080,NVIDIA,GPU,High-Performance,16000000000.0,716.8,48.74,320.0,14.706606483381204,0.1523125
Radeon Instinct MI250X,AMD,GPU,High-Performance,128000000000.0,3280.0,47.87,500.0,68.51890536870692,0.0957399999999999
Radeon Instinct MI300,AMD,GPU,High-Performance,128000000000.0,6550.0,47.87,600.0,136.82891163568,0.0797833333333333
Data Center GPU Max 1350,Intel,GPU,High-Performance,96000000000.0,2460.0,44.44,450.0,55.35553555355536,0.0987555555555555
HGX H20,NVIDIA,GPU,High-Performance,96000000000.0,4000.0,44.0,400.0,90.9090909090909,0.11
RTX 3090 Ti,NVIDIA,GPU,High-Performance,24000000000.0,1008.0,40.0,450.0,25.2,0.0888888888888888
RTX A6000,NVIDIA,GPU,High-Performance,48000000000.0,768.0,38.7,300.0,19.84496124031008,0.129
A40 PCIe,NVIDIA,GPU,High-Performance,48000000000.0,695.8,37.42,300.0,18.594334580438264,0.1247333333333333
RTX 3090,NVIDIA,GPU,High-Performance,24000000000.0,936.0,35.58,350.0,26.30691399662732,0.1016571428571428
Baidu Kunlun R200-8F (160W),Kunlunxin Baidu,XPU-R,High-Performance,32000000000.0,512.0,32.0,160.0,16.0,0.2
Baidu Kunlun RG800,Kunlunxin Baidu,XPU-R,High-Performance,32000000000.0,512.0,32.0,130.0,16.0,0.2461538461538461
Baidu Kunlun R200 (150W),Kunlunxin Baidu,XPU-R,High-Performance,16000000000.0,512.0,32.0,150.0,16.0,0.2133333333333333
A10G,NVIDIA,GPU,High-Performance,24000000000.0,600.2,31.5,150.0,19.05396825396825,0.21
A10 PCIe,NVIDIA,GPU,High-Performance,24000000000.0,600.2,31.24,150.0,19.21254801536492,0.2082666666666666
L4,NVIDIA,GPU,High-Performance,24000000000.0,300.1,30.29,72.0,9.907560250907892,0.4206944444444444
RTX 3080,NVIDIA,GPU,High-Performance,10000000000.0,760.0,29.77,320.0,25.529056096741687,0.09303125
RTX 4070,NVIDIA,GPU,High-Performance,12000000000.0,504.2,29.15,285.0,17.296740994854204,0.1022807017543859
RTX A5000,NVIDIA,GPU,High-Performance,24000000000.0,768.0,27.77,230.0,27.6557436082103,0.1207391304347826
MTT S4000,Moore Threads (Tencent),GPU,High-Performance,48000000000.0,768.0,25.0,450.0,30.72,0.0555555555555555
Cambricon MLU370-X8,Cambricon,Unknown,High-Performance,48000000000.0,614.4,24.0,250.0,25.6,0.096
Cambricon MLU370-X4,Cambricon,Unknown,High-Performance,24000000000.0,307.2,24.0,150.0,12.8,0.16
Tesla D1 Dojo,Tesla,GPU,High-Performance,0.0,10000.0,22.6,400.0,442.4778761061947,0.0565
Data Center GPU Max 1100,Intel,GPU,High-Performance,48000000000.0,1230.0,22.22,300.0,55.35553555355536,0.0740666666666666
Baidu Kunlun R100 (100W),Kunlunxin Baidu,XPU-R,High-Performance,12000000000.0,384.0,20.0,100.0,19.2,0.2
A100,NVIDIA,GPU,Mid-Range,40000000000.0,1560.0,19.5,400.0,80.0,0.04875
A800 SXM,NVIDIA,GPU,Mid-Range,0.0,2040.0,19.49,400.0,104.66906105695227,0.048725
A800 PCIe 80 GB,NVIDIA,GPU,Mid-Range,0.0,1940.0,19.49,250.0,99.5382247306311,0.0779599999999999
A800 PCIe 40 GB,NVIDIA,GPU,Mid-Range,0.0,1560.0,19.49,250.0,80.04104669061057,0.0779599999999999
A100 SXM4 40 GB,NVIDIA,GPU,Mid-Range,40000000000.0,1560.0,19.49,400.0,80.04104669061057,0.048725
A100 SXM4 80 GB,NVIDIA,GPU,Mid-Range,80000000000.0,2039.0,19.49,400.0,104.61775269368908,0.048725
A100 PCIe,NVIDIA,GPU,Mid-Range,0.0,1940.0,19.49,300.0,99.5382247306311,0.0649666666666666
RTX A4000,NVIDIA,GPU,Mid-Range,16000000000.0,448.0,19.17,140.0,23.3698487219614,0.1369285714285714
Cambricon MLU370-S4/S8,Cambricon,Unknown,Mid-Range,24000000000.0,307.2,18.0,75.0,17.066666666666666,0.24
Cambricon MLU370-S4,Cambricon,Unknown,Mid-Range,24000000000.0,307.2,18.0,75.0,17.066666666666666,0.24
Baidu Kunlun R100 (75W),Kunlunxin Baidu,XPU-R,Mid-Range,12000000000.0,384.0,18.0,75.0,21.33333333333333,0.24
MetaX MXC500 (OAM),MetaX,GPGPU,Mid-Range,64000000000.0,18000.0,18.0,450.0,1000.0,0.04
Cambricon MLU370-S8,Cambricon,Unknown,Mid-Range,48000000000.0,307.2,18.0,75.0,17.066666666666666,0.24
Tesla V100S PCIe 32 GB,NVIDIA,GPU,Mid-Range,32000000000.0,1130.0,16.35,250.0,69.11314984709479,0.0654
Quadro RTX 6000,NVIDIA,GPU,Mid-Range,24000000000.0,672.0,16.3099999999999,260.0,41.20171673819768,0.0627307692307688
Quadro RTX 8000,NVIDIA,GPU,Mid-Range,48000000000.0,672.0,16.3,260.0,41.22699386503067,0.0626923076923077
Tesla V100 DGXS 16 GB,NVIDIA,GPU,Mid-Range,16000000000.0,897.0,16.2,250.0,55.37037037037037,0.0648
Baidu Kunlun K200,Kunlunxin Baidu,XPU,Mid-Range,16000000000.0,512.0,16.0,150.0,32.0,0.1066666666666666
Baidu Kunlun I,Kunlunxin Baidu,XPU,Mid-Range,0.0,512.0,16.0,150.0,32.0,0.1066666666666666
Tesla V100 SXM2 16 GB,NVIDIA,GPU,Mid-Range,0.0,897.0,15.67,300.0,57.243139757498405,0.0522333333333333
Tesla V100 SXM2 32 GB,NVIDIA,GPU,Mid-Range,32000000000.0,898.0,15.67,300.0,57.30695596681557,0.0522333333333333
Tesla V100 SXM3 32 GB,NVIDIA,GPU,Mid-Range,0.0,898.0,15.67,300.0,57.30695596681557,0.0522333333333333
V100,NVIDIA,GPU,Mid-Range,0.0,897.0,15.67,300.0,57.243139757498405,0.0522333333333333
Tesla V100 DGXS 32 GB,NVIDIA,GPU,Mid-Range,32000000000.0,897.0,15.67,250.0,57.243139757498405,0.06268
Tesla V100 SXM2,NVIDIA,GPU,Mid-Range,16000000000.0,897.0,15.67,300.0,57.243139757498405,0.0522333333333333
MetaX MXC500 (PCIe),MetaX,GPGPU,Mid-Range,64000000000.0,18000.0,15.0,350.0,1200.0,0.0428571428571428
Titan V,NVIDIA,GPU,Mid-Range,12000000000.0,651.0,14.9,250.0,43.69127516778524,0.0596
Habana Gaudi3,Intel,Unknown,Mid-Range,128000000000.0,3700.0,14.3,900.0,258.7412587412587,0.0158888888888888
Tesla V100 PCIe 32 GB,NVIDIA,GPU,Mid-Range,32000000000.0,897.0,14.13,250.0,63.481953290870486,0.05652
Tesla V100 PCIe 16 GB,NVIDIA,GPU,Mid-Range,16000000000.0,897.0,14.13,250.0,63.481953290870486,0.05652
RTX 2080 Ti 11GB,NVIDIA,GPU,Mid-Range,11000000000.0,616.0,13.45,250.0,45.79925650557621,0.0538
Quadro P6000,NVIDIA,GPU,Mid-Range,24000000000.0,433.0,12.63,250.0,34.283452098178934,0.05052
Titan Xp,NVIDIA,GPU,Mid-Range,12000000000.0,548.0,12.15,250.0,45.10288065843621,0.0486
P40,NVIDIA,GPU,Mid-Range,24000000000.0,694.3,11.76,250.0,59.0391156462585,0.04704
GTX 1080 Ti,NVIDIA,GPU,Mid-Range,11000000000.0,484.0,11.34,250.0,42.68077601410935,0.04536
Quadro RTX 5000,NVIDIA,GPU,Mid-Range,16000000000.0,448.0,11.15,230.0,40.17937219730941,0.0484782608695652
TESLA M60,NVIDIA,GPU,Entry-Level,16000000000.0,320.8,9.65,300.0,33.24352331606217,0.0321666666666666
P100 PCIe 16GB,NVIDIA,GPU,Entry-Level,16000000000.0,732.0,9.56,250.0,76.56903765690376,0.03824
Tesla P100 PCIe 16GB,NVIDIA,GPU,Entry-Level,0.0,732.2,9.526,250.0,76.86332143606971,0.038104
Tesla P100 PCIe 12GB,NVIDIA,GPU,Entry-Level,0.0,549.1,9.526,250.0,57.64224228427462,0.038104
P100,NVIDIA,GPU,Entry-Level,16000000000.0,732.0,9.3,250.0,78.70967741935483,0.0372
Quadro P5000,NVIDIA,GPU,Entry-Level,16000000000.0,288.0,8.873,180.0,32.458018708441344,0.0492944444444444
GTX 1080,NVIDIA,GPU,Entry-Level,8000000000.0,320.3,8.873,180.0,36.09827566775612,0.0492944444444444
PEZY-SC2,PEZY,Unknown,Entry-Level,0.0,102.37718675,8.192,180.0,12.49721517944336,0.0455111111111111
Tesla T4,NVIDIA,GPU,Entry-Level,16000000000.0,320.0,8.141,70.0,39.30721041641076,0.1163
Tesla K80,NVIDIA,GPU,Entry-Level,24000000000.0,241.0,8.126,300.0,29.657888259906475,0.0270866666666666
Quadro RTX 4000,NVIDIA,GPU,Entry-Level,8000000000.0,416.0,7.119,160.0,58.43517347942127,0.04449375
M40,NVIDIA,GPU,Entry-Level,12000000000.0,288.0,6.832,250.0,42.15456674473068,0.0273279999999999
GTX Titan X,NVIDIA,GPU,Entry-Level,12000000000.0,336.6,6.691,250.0,50.306381706770296,0.026764
Tesla P4,NVIDIA,GPU,Entry-Level,8000000000.0,192.3,5.704,75.0,33.71318373071529,0.0760533333333333
GTX Titan Black,NVIDIA,GPU,Entry-Level,6000000000.0,336.0,5.645,250.0,59.52170062001772,0.02258
Quadro P4000,NVIDIA,GPU,Entry-Level,8000000000.0,243.4,5.304,105.0,45.88989441930618,0.0505142857142857
Quadro K6000,NVIDIA,GPU,Entry-Level,12000000000.0,288.0,5.196,225.0,55.42725173210162,0.0230933333333333
Tesla K40s,NVIDIA,GPU,Entry-Level,12000000000.0,288.0,5.046,245.0,57.07491082045184,0.0205959183673469
Tesla K40t,NVIDIA,GPU,Entry-Level,12000000000.0,288.4,5.046,245.0,57.154181529924685,0.0205959183673469
GTX 980,NVIDIA,GPU,Legacy,4000000000.0,224.4,4.981,165.0,45.051194539249146,0.0301878787878787
MT-2000,National University of Defense Technology,Unknown,Legacy,0.0,153.652,4.92,240.0,31.230081300813005,0.0205
GTX Titan,NVIDIA,GPU,Legacy,6000000000.0,288.4,4.709,250.0,61.24442556806116,0.018836
GTX 780,NVIDIA,GPU,Legacy,3000000000.0,288.4,4.156,250.0,69.39364773820982,0.016624
Tesla K20c,NVIDIA,GPU,Legacy,5000000000.0,208.0,3.52,225.0,59.09090909090909,0.0156444444444444
Google TPU v2,Google,TPU,Legacy,16000000000.0,600.0,3.0,280.0,200.0,0.0107142857142857
Meta MTIA v2,Meta,Other,Legacy,256000000.0,1000.0,2.76,90.0,362.3188405797102,0.0306666666666666
Quadro M4000,NVIDIA,GPU,Legacy,8000000000.0,192.0,2.573,120.0,74.62106490478041,0.0214416666666666
Meta MTIA v1,Meta,Other,Legacy,128000000.0,800.0,1.6,25.0,500.0,0.064
GTX 580,NVIDIA,GPU,Legacy,1536000000.0,192.4,1.581,244.0,121.69512966476914,0.0064795081967213
Quadro K4000,NVIDIA,GPU,Legacy,3000000000.0,134.8,1.244,80.0,108.36012861736336,0.01555
Quadro P600,NVIDIA,GPU,Legacy,2000000000.0,64.13,1.196,40.0,53.62040133779264,0.0299
Quadro K1200,NVIDIA,GPU,Legacy,4000000000.0,80.0,1.151,45.0,69.50477845351868,0.0255777777777777
GTX 280,NVIDIA,GPU,Legacy,1024000000.0,141.1,0.6221,236.0,226.8124095804533,0.0026360169491525
