hardware_name,unified_manufacturer,type,performance_tier,fp32_tflops,memory_bandwidth_gbps,unified_tdp,unified_price,tops_per_watt_fp32,memory_compute_ratio,tflops_per_dollar
Huawei Ascend 910B,Huawei,GPU,Enterprise,94.0,1228.0,400.0,16854.0,0.235,13.063829787234043,0.0055773110240892
RTX 4090,NVIDIA,GPU,Enterprise,82.6,1008.0,450.0,1599.0,0.1835555555555555,12.203389830508476,0.0516572858036272
H100 SXM5 80GB,NVIDIA,GPU,Enterprise,66.91,3350.0,700.0,44489.88,0.0955857142857142,50.06725452099836,0.0015039375246685
RX 7900 XTX,AMD,GPU,Enterprise,61.42,960.0,335.0,999.0,0.1833432835820895,15.630087919244543,0.0614814814814814
L20 PCle,NVIDIA,GPU,Enterprise,59.35,864.0,275.0,4299.0,0.2158181818181818,14.55770850884583,0.0138055361712026
RTX 4080,NVIDIA,GPU,High-Performance,48.74,716.8,320.0,1199.0,0.1523125,14.706606483381204,0.040650542118432
Radeon Instinct MI250X,AMD,GPU,High-Performance,47.87,3280.0,500.0,14500.0,0.0957399999999999,68.51890536870692,0.0033013793103448
HGX H20,NVIDIA,GPU,High-Performance,44.0,4000.0,400.0,12000.0,0.11,90.9090909090909,0.0036666666666666
RTX 3090 Ti,NVIDIA,GPU,High-Performance,40.0,1008.0,450.0,1999.0,0.0888888888888888,25.2,0.0200100050025012
RTX A6000,NVIDIA,GPU,High-Performance,38.7,768.0,300.0,4649.0,0.129,19.84496124031008,0.008324370832437
RTX 3090,NVIDIA,GPU,High-Performance,35.58,936.0,350.0,1499.0,0.1016571428571428,26.30691399662732,0.0237358238825883
A10 PCIe,NVIDIA,GPU,High-Performance,31.24,600.2,150.0,2800.0,0.2082666666666666,19.21254801536492,0.0111571428571428
RTX 3080,NVIDIA,GPU,High-Performance,29.77,760.0,320.0,699.0,0.09303125,25.529056096741687,0.0425894134477825
RTX A5000,NVIDIA,GPU,High-Performance,27.77,768.0,230.0,2250.0,0.1207391304347826,27.6557436082103,0.0123422222222222
A100 SXM4 40 GB,NVIDIA,GPU,Mid-Range,19.49,1560.0,400.0,15000.0,0.048725,80.04104669061057,0.0012993333333333
RTX A4000,NVIDIA,GPU,Mid-Range,19.17,448.0,140.0,1000.0,0.1369285714285714,23.3698487219614,0.01917
Quadro RTX 6000,NVIDIA,GPU,Mid-Range,16.3099999999999,672.0,260.0,6300.0,0.0627307692307688,41.20171673819768,0.0025888888888888
Tesla V100 SXM2 32 GB,NVIDIA,GPU,Mid-Range,15.67,898.0,300.0,11458.0,0.0522333333333333,57.30695596681557,0.0013676034211904
Tesla V100 SXM2,NVIDIA,GPU,Mid-Range,15.67,897.0,300.0,11500.0,0.0522333333333333,57.243139757498405,0.0013626086956521
Titan V,NVIDIA,GPU,Mid-Range,14.9,651.0,250.0,2999.0,0.0596,43.69127516778524,0.004968322774258
Tesla V100 PCIe 32 GB,NVIDIA,GPU,Mid-Range,14.13,897.0,250.0,11458.0,0.05652,63.481953290870486,0.0012331995112585
Tesla V100 PCIe 16 GB,NVIDIA,GPU,Mid-Range,14.13,897.0,250.0,10664.0,0.05652,63.481953290870486,0.0013250187546886
RTX 2080 Ti 11GB,NVIDIA,GPU,Mid-Range,13.45,616.0,250.0,999.0,0.0538,45.79925650557621,0.0134634634634634
Quadro P6000,NVIDIA,GPU,Mid-Range,12.63,433.0,250.0,5999.0,0.05052,34.283452098178934,0.0021053508918153
Titan Xp,NVIDIA,GPU,Mid-Range,12.15,548.0,250.0,1199.0,0.0486,45.10288065843621,0.0101334445371142
P40,NVIDIA,GPU,Mid-Range,11.76,694.3,250.0,5699.0,0.04704,59.0391156462585,0.0020635199157746
GTX 1080 Ti,NVIDIA,GPU,Mid-Range,11.34,484.0,250.0,699.0,0.04536,42.68077601410935,0.0162231759656652
Quadro RTX 5000,NVIDIA,GPU,Mid-Range,11.15,448.0,230.0,2300.0,0.0484782608695652,40.17937219730941,0.0048478260869565
P100,NVIDIA,GPU,Entry-Level,9.3,732.0,250.0,5699.0,0.0372,78.70967741935483,0.0016318652395157
Quadro P5000,NVIDIA,GPU,Entry-Level,8.873,288.0,180.0,2499.0,0.0492944444444444,32.458018708441344,0.0035506202480992
GTX 1080,NVIDIA,GPU,Entry-Level,8.873,320.3,180.0,599.0,0.0492944444444444,36.09827566775612,0.014813021702838
Tesla K80,NVIDIA,GPU,Entry-Level,8.126,241.0,300.0,5000.0,0.0270866666666666,29.657888259906475,0.0016251999999999
Quadro RTX 4000,NVIDIA,GPU,Entry-Level,7.119,416.0,160.0,899.0,0.04449375,58.43517347942127,0.0079187986651835
M40,NVIDIA,GPU,Entry-Level,6.832,288.0,250.0,10799.0,0.0273279999999999,42.15456674473068,0.0006326511714047
GTX Titan X,NVIDIA,GPU,Entry-Level,6.691,336.6,250.0,999.0,0.026764,50.306381706770296,0.0066976976976976
GTX Titan Black,NVIDIA,GPU,Entry-Level,5.645,336.0,250.0,999.0,0.02258,59.52170062001772,0.0056506506506506
Quadro P4000,NVIDIA,GPU,Entry-Level,5.304,243.4,105.0,815.0,0.0505142857142857,45.88989441930618,0.0065079754601226
Quadro K6000,NVIDIA,GPU,Entry-Level,5.196,288.0,225.0,5265.0,0.0230933333333333,55.42725173210162,0.0009868945868945
Tesla K40s,NVIDIA,GPU,Entry-Level,5.046,288.0,245.0,7699.0,0.0205959183673469,57.07491082045184,0.0006554097934796
Tesla K40t,NVIDIA,GPU,Entry-Level,5.046,288.4,245.0,7699.0,0.0205959183673469,57.154181529924685,0.0006554097934796
GTX 980,NVIDIA,GPU,Legacy,4.981,224.4,165.0,549.0,0.0301878787878787,45.051194539249146,0.0090728597449908
GTX Titan,NVIDIA,GPU,Legacy,4.709,288.4,250.0,999.0,0.018836,61.24442556806116,0.0047137137137137
GTX 780,NVIDIA,GPU,Legacy,4.156,288.4,250.0,649.0,0.016624,69.39364773820982,0.0064036979969183
Tesla K20c,NVIDIA,GPU,Legacy,3.52,208.0,225.0,3199.0,0.0156444444444444,59.09090909090909,0.0011003438574554
GTX 580,NVIDIA,GPU,Legacy,1.581,192.4,244.0,499.0,0.0064795081967213,121.69512966476914,0.0031683366733466
Quadro K4000,NVIDIA,GPU,Legacy,1.244,134.8,80.0,1269.0,0.01555,108.36012861736336,0.0009802994483845
Quadro P600,NVIDIA,GPU,Legacy,1.196,64.13,40.0,178.0,0.0299,53.62040133779264,0.0067191011235955
GTX 280,NVIDIA,GPU,Legacy,0.6221,141.1,236.0,649.0,0.0026360169491525,226.8124095804533,0.0009585516178736
